"Status","Start Time","Stop Time","Duration in ms","Parent Suite","Suite","Sub Suite","Test Class","Test Method","Name","Description"
"passed","Tue Apr 02 02:46:16 EDT 2024","Tue Apr 02 02:46:16 EDT 2024","197","Default suite","Default test","api.TestRunner.TestRunner","api.TestRunner.TestRunner","runScenario","Runs Cucumber Scenarios",""
"passed","Tue Apr 02 02:46:19 EDT 2024","Tue Apr 02 02:46:19 EDT 2024","195","Default suite","Default test","api.TestRunner.TestRunner","api.TestRunner.TestRunner","runScenario","Runs Cucumber Scenarios",""
"passed","Tue Apr 02 02:44:12 EDT 2024","Tue Apr 02 02:44:12 EDT 2024","190","Default suite","Default test","api.TestRunner.TestRunner","api.TestRunner.TestRunner","runScenario","Runs Cucumber Scenarios",""
"passed","Tue Apr 02 02:45:53 EDT 2024","Tue Apr 02 02:45:56 EDT 2024","2978","Default suite","Default test","api.TestRunner.TestRunner","api.TestRunner.TestRunner","runScenario","Runs Cucumber Scenarios",""
"passed","Tue Apr 02 02:44:00 EDT 2024","Tue Apr 02 02:44:00 EDT 2024","229","Default suite","Default test","api.TestRunner.TestRunner","api.TestRunner.TestRunner","runScenario","Runs Cucumber Scenarios",""
"passed","Tue Apr 02 02:46:15 EDT 2024","Tue Apr 02 02:46:15 EDT 2024","375","Default suite","Default test","api.TestRunner.TestRunner","api.TestRunner.TestRunner","runScenario","Runs Cucumber Scenarios",""
"passed","Tue Apr 02 02:43:52 EDT 2024","Tue Apr 02 02:43:52 EDT 2024","261","Default suite","Default test","api.TestRunner.TestRunner","api.TestRunner.TestRunner","runScenario","Runs Cucumber Scenarios",""
"passed","Tue Apr 02 02:43:53 EDT 2024","Tue Apr 02 02:43:53 EDT 2024","204","Default suite","Default test","api.TestRunner.TestRunner","api.TestRunner.TestRunner","runScenario","Runs Cucumber Scenarios",""
"passed","Tue Apr 02 02:45:51 EDT 2024","Tue Apr 02 02:45:53 EDT 2024","2050","Default suite","Default test","api.TestRunner.TestRunner","api.TestRunner.TestRunner","runScenario","Runs Cucumber Scenarios",""
"passed","Tue Apr 02 02:46:15 EDT 2024","Tue Apr 02 02:46:16 EDT 2024","198","Default suite","Default test","api.TestRunner.TestRunner","api.TestRunner.TestRunner","runScenario","Runs Cucumber Scenarios",""
"passed","Tue Apr 02 02:44:11 EDT 2024","Tue Apr 02 02:44:11 EDT 2024","193","Default suite","Default test","api.TestRunner.TestRunner","api.TestRunner.TestRunner","runScenario","Runs Cucumber Scenarios",""
"passed","Tue Apr 02 02:46:21 EDT 2024","Tue Apr 02 02:46:21 EDT 2024","187","Default suite","Default test","api.TestRunner.TestRunner","api.TestRunner.TestRunner","runScenario","Runs Cucumber Scenarios",""
"passed","Tue Apr 02 02:46:10 EDT 2024","Tue Apr 02 02:46:10 EDT 2024","192","Default suite","Default test","api.TestRunner.TestRunner","api.TestRunner.TestRunner","runScenario","Runs Cucumber Scenarios",""
"passed","Tue Apr 02 02:46:08 EDT 2024","Tue Apr 02 02:46:09 EDT 2024","977","Default suite","Default test","api.TestRunner.TestRunner","api.TestRunner.TestRunner","runScenario","Runs Cucumber Scenarios",""
"passed","Tue Apr 02 02:43:58 EDT 2024","Tue Apr 02 02:43:58 EDT 2024","270","Default suite","Default test","api.TestRunner.TestRunner","api.TestRunner.TestRunner","runScenario","Runs Cucumber Scenarios",""
"passed","Tue Apr 02 02:43:53 EDT 2024","Tue Apr 02 02:43:53 EDT 2024","414","Default suite","Default test","api.TestRunner.TestRunner","api.TestRunner.TestRunner","runScenario","Runs Cucumber Scenarios",""
"passed","Tue Apr 02 02:46:14 EDT 2024","Tue Apr 02 02:46:14 EDT 2024","206","Default suite","Default test","api.TestRunner.TestRunner","api.TestRunner.TestRunner","runScenario","Runs Cucumber Scenarios",""
"passed","Tue Apr 02 02:46:12 EDT 2024","Tue Apr 02 02:46:12 EDT 2024","301","Default suite","Default test","api.TestRunner.TestRunner","api.TestRunner.TestRunner","runScenario","Runs Cucumber Scenarios",""
"passed","Tue Apr 02 02:44:00 EDT 2024","Tue Apr 02 02:44:01 EDT 2024","246","Default suite","Default test","api.TestRunner.TestRunner","api.TestRunner.TestRunner","runScenario","Runs Cucumber Scenarios",""
"passed","Tue Apr 02 02:46:19 EDT 2024","Tue Apr 02 02:46:19 EDT 2024","204","Default suite","Default test","api.TestRunner.TestRunner","api.TestRunner.TestRunner","runScenario","Runs Cucumber Scenarios",""
"passed","Tue Apr 02 02:44:11 EDT 2024","Tue Apr 02 02:44:11 EDT 2024","189","Default suite","Default test","api.TestRunner.TestRunner","api.TestRunner.TestRunner","runScenario","Runs Cucumber Scenarios",""
"passed","Tue Apr 02 02:46:20 EDT 2024","Tue Apr 02 02:46:20 EDT 2024","195","Default suite","Default test","api.TestRunner.TestRunner","api.TestRunner.TestRunner","runScenario","Runs Cucumber Scenarios",""
"passed","Tue Apr 02 02:44:11 EDT 2024","Tue Apr 02 02:44:11 EDT 2024","181","Default suite","Default test","api.TestRunner.TestRunner","api.TestRunner.TestRunner","runScenario","Runs Cucumber Scenarios",""
"passed","Tue Apr 02 02:46:20 EDT 2024","Tue Apr 02 02:46:20 EDT 2024","194","Default suite","Default test","api.TestRunner.TestRunner","api.TestRunner.TestRunner","runScenario","Runs Cucumber Scenarios",""
"passed","Tue Apr 02 02:44:09 EDT 2024","Tue Apr 02 02:44:09 EDT 2024","253","Default suite","Default test","api.TestRunner.TestRunner","api.TestRunner.TestRunner","runScenario","Runs Cucumber Scenarios",""
"passed","Tue Apr 02 02:43:52 EDT 2024","Tue Apr 02 02:43:53 EDT 2024","215","Default suite","Default test","api.TestRunner.TestRunner","api.TestRunner.TestRunner","runScenario","Runs Cucumber Scenarios",""
"passed","Tue Apr 02 02:46:17 EDT 2024","Tue Apr 02 02:46:17 EDT 2024","181","Default suite","Default test","api.TestRunner.TestRunner","api.TestRunner.TestRunner","runScenario","Runs Cucumber Scenarios",""
"passed","Tue Apr 02 02:46:18 EDT 2024","Tue Apr 02 02:46:18 EDT 2024","187","Default suite","Default test","api.TestRunner.TestRunner","api.TestRunner.TestRunner","runScenario","Runs Cucumber Scenarios",""
"passed","Tue Apr 02 02:46:16 EDT 2024","Tue Apr 02 02:46:16 EDT 2024","202","Default suite","Default test","api.TestRunner.TestRunner","api.TestRunner.TestRunner","runScenario","Runs Cucumber Scenarios",""
"passed","Tue Apr 02 02:46:14 EDT 2024","Tue Apr 02 02:46:14 EDT 2024","185","Default suite","Default test","api.TestRunner.TestRunner","api.TestRunner.TestRunner","runScenario","Runs Cucumber Scenarios",""
"passed","Tue Apr 02 02:44:04 EDT 2024","Tue Apr 02 02:44:05 EDT 2024","196","Default suite","Default test","api.TestRunner.TestRunner","api.TestRunner.TestRunner","runScenario","Runs Cucumber Scenarios",""
"passed","Tue Apr 02 02:46:06 EDT 2024","Tue Apr 02 02:46:06 EDT 2024","188","Default suite","Default test","api.TestRunner.TestRunner","api.TestRunner.TestRunner","runScenario","Runs Cucumber Scenarios",""
"passed","Tue Apr 02 02:46:17 EDT 2024","Tue Apr 02 02:46:17 EDT 2024","192","Default suite","Default test","api.TestRunner.TestRunner","api.TestRunner.TestRunner","runScenario","Runs Cucumber Scenarios",""
"failed","Tue Apr 02 02:46:17 EDT 2024","Tue Apr 02 02:46:18 EDT 2024","469","Default suite","Default test","api.TestRunner.TestRunner","api.TestRunner.TestRunner","runScenario","Runs Cucumber Scenarios",""
"passed","Tue Apr 02 02:43:42 EDT 2024","Tue Apr 02 02:43:43 EDT 2024","486","Default suite","Default test","api.TestRunner.TestRunner","api.TestRunner.TestRunner","runScenario","Runs Cucumber Scenarios",""
"passed","Tue Apr 02 02:43:57 EDT 2024","Tue Apr 02 02:43:57 EDT 2024","258","Default suite","Default test","api.TestRunner.TestRunner","api.TestRunner.TestRunner","runScenario","Runs Cucumber Scenarios",""
"passed","Tue Apr 02 02:43:50 EDT 2024","Tue Apr 02 02:43:50 EDT 2024","404","Default suite","Default test","api.TestRunner.TestRunner","api.TestRunner.TestRunner","runScenario","Runs Cucumber Scenarios",""
"passed","Tue Apr 02 02:46:20 EDT 2024","Tue Apr 02 02:46:20 EDT 2024","200","Default suite","Default test","api.TestRunner.TestRunner","api.TestRunner.TestRunner","runScenario","Runs Cucumber Scenarios",""
"passed","Tue Apr 02 02:44:10 EDT 2024","Tue Apr 02 02:44:11 EDT 2024","192","Default suite","Default test","api.TestRunner.TestRunner","api.TestRunner.TestRunner","runScenario","Runs Cucumber Scenarios",""
"passed","Tue Apr 02 02:43:49 EDT 2024","Tue Apr 02 02:43:50 EDT 2024","380","Default suite","Default test","api.TestRunner.TestRunner","api.TestRunner.TestRunner","runScenario","Runs Cucumber Scenarios",""
"passed","Tue Apr 02 02:46:19 EDT 2024","Tue Apr 02 02:46:20 EDT 2024","187","Default suite","Default test","api.TestRunner.TestRunner","api.TestRunner.TestRunner","runScenario","Runs Cucumber Scenarios",""
"passed","Tue Apr 02 02:43:57 EDT 2024","Tue Apr 02 02:43:57 EDT 2024","292","Default suite","Default test","api.TestRunner.TestRunner","api.TestRunner.TestRunner","runScenario","Runs Cucumber Scenarios",""
"passed","Tue Apr 02 02:46:16 EDT 2024","Tue Apr 02 02:46:16 EDT 2024","197","Default suite","Default test","api.TestRunner.TestRunner","api.TestRunner.TestRunner","runScenario","Runs Cucumber Scenarios",""
"passed","Tue Apr 02 02:44:05 EDT 2024","Tue Apr 02 02:44:05 EDT 2024","201","Default suite","Default test","api.TestRunner.TestRunner","api.TestRunner.TestRunner","runScenario","Runs Cucumber Scenarios",""
"passed","Tue Apr 02 02:46:17 EDT 2024","Tue Apr 02 02:46:17 EDT 2024","187","Default suite","Default test","api.TestRunner.TestRunner","api.TestRunner.TestRunner","runScenario","Runs Cucumber Scenarios",""
"passed","Tue Apr 02 02:44:12 EDT 2024","Tue Apr 02 02:44:12 EDT 2024","208","Default suite","Default test","api.TestRunner.TestRunner","api.TestRunner.TestRunner","runScenario","Runs Cucumber Scenarios",""
"passed","Tue Apr 02 02:43:37 EDT 2024","Tue Apr 02 02:43:42 EDT 2024","5097","Default suite","Default test","api.TestRunner.TestRunner","api.TestRunner.TestRunner","runScenario","Runs Cucumber Scenarios",""
"passed","Tue Apr 02 02:44:09 EDT 2024","Tue Apr 02 02:44:09 EDT 2024","232","Default suite","Default test","api.TestRunner.TestRunner","api.TestRunner.TestRunner","runScenario","Runs Cucumber Scenarios",""
"passed","Tue Apr 02 02:43:54 EDT 2024","Tue Apr 02 02:43:54 EDT 2024","221","Default suite","Default test","api.TestRunner.TestRunner","api.TestRunner.TestRunner","runScenario","Runs Cucumber Scenarios",""
"passed","Tue Apr 02 02:46:17 EDT 2024","Tue Apr 02 02:46:17 EDT 2024","195","Default suite","Default test","api.TestRunner.TestRunner","api.TestRunner.TestRunner","runScenario","Runs Cucumber Scenarios",""
"passed","Tue Apr 02 02:43:43 EDT 2024","Tue Apr 02 02:43:43 EDT 2024","418","Default suite","Default test","api.TestRunner.TestRunner","api.TestRunner.TestRunner","runScenario","Runs Cucumber Scenarios",""
"passed","Tue Apr 02 02:45:50 EDT 2024","Tue Apr 02 02:45:51 EDT 2024","250","Default suite","Default test","api.TestRunner.TestRunner","api.TestRunner.TestRunner","runScenario","Runs Cucumber Scenarios",""
"passed","Tue Apr 02 02:46:06 EDT 2024","Tue Apr 02 02:46:07 EDT 2024","192","Default suite","Default test","api.TestRunner.TestRunner","api.TestRunner.TestRunner","runScenario","Runs Cucumber Scenarios",""
"passed","Tue Apr 02 02:43:50 EDT 2024","Tue Apr 02 02:43:51 EDT 2024","295","Default suite","Default test","api.TestRunner.TestRunner","api.TestRunner.TestRunner","runScenario","Runs Cucumber Scenarios",""
"passed","Tue Apr 02 02:46:18 EDT 2024","Tue Apr 02 02:46:19 EDT 2024","198","Default suite","Default test","api.TestRunner.TestRunner","api.TestRunner.TestRunner","runScenario","Runs Cucumber Scenarios",""
"passed","Tue Apr 02 02:46:14 EDT 2024","Tue Apr 02 02:46:14 EDT 2024","197","Default suite","Default test","api.TestRunner.TestRunner","api.TestRunner.TestRunner","runScenario","Runs Cucumber Scenarios",""
"passed","Tue Apr 02 02:44:05 EDT 2024","Tue Apr 02 02:44:05 EDT 2024","216","Default suite","Default test","api.TestRunner.TestRunner","api.TestRunner.TestRunner","runScenario","Runs Cucumber Scenarios",""
"passed","Tue Apr 02 02:46:14 EDT 2024","Tue Apr 02 02:46:14 EDT 2024","239","Default suite","Default test","api.TestRunner.TestRunner","api.TestRunner.TestRunner","runScenario","Runs Cucumber Scenarios",""
"passed","Tue Apr 02 02:46:17 EDT 2024","Tue Apr 02 02:46:17 EDT 2024","192","Default suite","Default test","api.TestRunner.TestRunner","api.TestRunner.TestRunner","runScenario","Runs Cucumber Scenarios",""
"passed","Tue Apr 02 02:44:04 EDT 2024","Tue Apr 02 02:44:04 EDT 2024","254","Default suite","Default test","api.TestRunner.TestRunner","api.TestRunner.TestRunner","runScenario","Runs Cucumber Scenarios",""
"passed","Tue Apr 02 02:46:11 EDT 2024","Tue Apr 02 02:46:11 EDT 2024","199","Default suite","Default test","api.TestRunner.TestRunner","api.TestRunner.TestRunner","runScenario","Runs Cucumber Scenarios",""
"passed","Tue Apr 02 02:46:07 EDT 2024","Tue Apr 02 02:46:08 EDT 2024","1230","Default suite","Default test","api.TestRunner.TestRunner","api.TestRunner.TestRunner","runScenario","Runs Cucumber Scenarios",""
"passed","Tue Apr 02 02:46:20 EDT 2024","Tue Apr 02 02:46:20 EDT 2024","187","Default suite","Default test","api.TestRunner.TestRunner","api.TestRunner.TestRunner","runScenario","Runs Cucumber Scenarios",""
"passed","Tue Apr 02 02:46:16 EDT 2024","Tue Apr 02 02:46:16 EDT 2024","192","Default suite","Default test","api.TestRunner.TestRunner","api.TestRunner.TestRunner","runScenario","Runs Cucumber Scenarios",""
"passed","Tue Apr 02 02:43:53 EDT 2024","Tue Apr 02 02:43:53 EDT 2024","207","Default suite","Default test","api.TestRunner.TestRunner","api.TestRunner.TestRunner","runScenario","Runs Cucumber Scenarios",""
"passed","Tue Apr 02 02:46:12 EDT 2024","Tue Apr 02 02:46:12 EDT 2024","188","Default suite","Default test","api.TestRunner.TestRunner","api.TestRunner.TestRunner","runScenario","Runs Cucumber Scenarios",""
"passed","Tue Apr 02 02:44:08 EDT 2024","Tue Apr 02 02:44:09 EDT 2024","273","Default suite","Default test","api.TestRunner.TestRunner","api.TestRunner.TestRunner","runScenario","Runs Cucumber Scenarios",""
"passed","Tue Apr 02 02:43:54 EDT 2024","Tue Apr 02 02:43:54 EDT 2024","217","Default suite","Default test","api.TestRunner.TestRunner","api.TestRunner.TestRunner","runScenario","Runs Cucumber Scenarios",""
"passed","Tue Apr 02 02:44:00 EDT 2024","Tue Apr 02 02:44:00 EDT 2024","222","Default suite","Default test","api.TestRunner.TestRunner","api.TestRunner.TestRunner","runScenario","Runs Cucumber Scenarios",""
"passed","Tue Apr 02 02:46:09 EDT 2024","Tue Apr 02 02:46:10 EDT 2024","203","Default suite","Default test","api.TestRunner.TestRunner","api.TestRunner.TestRunner","runScenario","Runs Cucumber Scenarios",""
"passed","Tue Apr 02 02:46:19 EDT 2024","Tue Apr 02 02:46:19 EDT 2024","190","Default suite","Default test","api.TestRunner.TestRunner","api.TestRunner.TestRunner","runScenario","Runs Cucumber Scenarios",""
"passed","Tue Apr 02 02:46:18 EDT 2024","Tue Apr 02 02:46:18 EDT 2024","200","Default suite","Default test","api.TestRunner.TestRunner","api.TestRunner.TestRunner","runScenario","Runs Cucumber Scenarios",""
"passed","Tue Apr 02 02:46:05 EDT 2024","Tue Apr 02 02:46:05 EDT 2024","392","Default suite","Default test","api.TestRunner.TestRunner","api.TestRunner.TestRunner","runScenario","Runs Cucumber Scenarios",""
"passed","Tue Apr 02 02:46:06 EDT 2024","Tue Apr 02 02:46:06 EDT 2024","198","Default suite","Default test","api.TestRunner.TestRunner","api.TestRunner.TestRunner","runScenario","Runs Cucumber Scenarios",""
"passed","Tue Apr 02 02:46:10 EDT 2024","Tue Apr 02 02:46:10 EDT 2024","189","Default suite","Default test","api.TestRunner.TestRunner","api.TestRunner.TestRunner","runScenario","Runs Cucumber Scenarios",""
"passed","Tue Apr 02 02:43:53 EDT 2024","Tue Apr 02 02:43:54 EDT 2024","246","Default suite","Default test","api.TestRunner.TestRunner","api.TestRunner.TestRunner","runScenario","Runs Cucumber Scenarios",""
"passed","Tue Apr 02 02:44:05 EDT 2024","Tue Apr 02 02:44:06 EDT 2024","206","Default suite","Default test","api.TestRunner.TestRunner","api.TestRunner.TestRunner","runScenario","Runs Cucumber Scenarios",""
"passed","Tue Apr 02 02:46:21 EDT 2024","Tue Apr 02 02:46:21 EDT 2024","335","Default suite","Default test","api.TestRunner.TestRunner","api.TestRunner.TestRunner","runScenario","Runs Cucumber Scenarios",""
"passed","Tue Apr 02 02:46:16 EDT 2024","Tue Apr 02 02:46:17 EDT 2024","184","Default suite","Default test","api.TestRunner.TestRunner","api.TestRunner.TestRunner","runScenario","Runs Cucumber Scenarios",""
"passed","Tue Apr 02 02:46:11 EDT 2024","Tue Apr 02 02:46:12 EDT 2024","303","Default suite","Default test","api.TestRunner.TestRunner","api.TestRunner.TestRunner","runScenario","Runs Cucumber Scenarios",""
"passed","Tue Apr 02 02:43:57 EDT 2024","Tue Apr 02 02:43:58 EDT 2024","260","Default suite","Default test","api.TestRunner.TestRunner","api.TestRunner.TestRunner","runScenario","Runs Cucumber Scenarios",""
"passed","Tue Apr 02 02:43:56 EDT 2024","Tue Apr 02 02:43:57 EDT 2024","253","Default suite","Default test","api.TestRunner.TestRunner","api.TestRunner.TestRunner","runScenario","Runs Cucumber Scenarios",""
"passed","Tue Apr 02 02:44:11 EDT 2024","Tue Apr 02 02:44:12 EDT 2024","196","Default suite","Default test","api.TestRunner.TestRunner","api.TestRunner.TestRunner","runScenario","Runs Cucumber Scenarios",""
"passed","Tue Apr 02 02:43:51 EDT 2024","Tue Apr 02 02:43:51 EDT 2024","341","Default suite","Default test","api.TestRunner.TestRunner","api.TestRunner.TestRunner","runScenario","Runs Cucumber Scenarios",""
"passed","Tue Apr 02 02:43:52 EDT 2024","Tue Apr 02 02:43:52 EDT 2024","238","Default suite","Default test","api.TestRunner.TestRunner","api.TestRunner.TestRunner","runScenario","Runs Cucumber Scenarios",""
"passed","Tue Apr 02 02:46:10 EDT 2024","Tue Apr 02 02:46:10 EDT 2024","214","Default suite","Default test","api.TestRunner.TestRunner","api.TestRunner.TestRunner","runScenario","Runs Cucumber Scenarios",""
"passed","Tue Apr 02 02:46:04 EDT 2024","Tue Apr 02 02:46:05 EDT 2024","299","Default suite","Default test","api.TestRunner.TestRunner","api.TestRunner.TestRunner","runScenario","Runs Cucumber Scenarios",""
"passed","Tue Apr 02 02:43:51 EDT 2024","Tue Apr 02 02:43:51 EDT 2024","277","Default suite","Default test","api.TestRunner.TestRunner","api.TestRunner.TestRunner","runScenario","Runs Cucumber Scenarios",""
"passed","Tue Apr 02 02:46:14 EDT 2024","Tue Apr 02 02:46:15 EDT 2024","580","Default suite","Default test","api.TestRunner.TestRunner","api.TestRunner.TestRunner","runScenario","Runs Cucumber Scenarios",""
